{"cameraMode":{"drawMode":0,"name":"Shaded","section":"Shading Mode"},"sceneLighting":true,"audioPlay":false,"sceneViewState":{"m_AlwaysRefresh":false,"showFog":true,"showSkybox":true,"showFlares":true,"showImageEffects":true,"showParticleSystems":true,"showVisualEffectGraphs":true,"m_FxEnabled":true},"in2DMode":false,"pivot":{"x":-39.040435791015628,"y":20.433698654174806,"z":12.275365829467774},"rotation":{"x":-0.09391003102064133,"y":0.12569235265254975,"z":-0.011952671222388745,"w":-0.987541913986206},"size":60.94202423095703,"orthographic":false}