{"cameraMode":{"drawMode":0,"name":"Shaded","section":"Shading Mode"},"sceneLighting":false,"audioPlay":false,"sceneViewState":{"m_AlwaysRefresh":false,"showFog":true,"showSkybox":false,"showFlares":true,"showImageEffects":true,"showParticleSystems":true,"showVisualEffectGraphs":true,"m_FxEnabled":true},"in2DMode":false,"pivot":{"x":14.677481651306153,"y":1.843088150024414,"z":1.6995563507080079},"rotation":{"x":0.11061965674161911,"y":-0.05215294659137726,"z":0.005812876857817173,"w":0.9924766421318054},"size":4.554589748382568,"orthographic":false}